지식 e - 시즌 8	4.0
지식 e - 시즌 5	4.5
묵향	5.0
대한민국 20대, 재테크에 미쳐라	3.0
하악하악	3.0
개미	3.0
연탄길	2.0
좋은 기업을 넘어... 위대한 기업으로	3.0
한국의 젊은 부자들	3.0
화폐전쟁	5.0
군주론	4.0
은혼	3.0
살인자ㅇ난감 -	5.0
천 개의 찬란한 태양	5.0
헌터x헌터 HunterXHunter	2.5
Ho! 1	2.5
블리치	1.5
헬퍼 Hellper	5.0
꽃으로도 때리지 말라	2.5
드래곤 라자	5.0
요츠바랑!	4.0
FBI 행동의 심리학	3.0
논리야 놀자	5.0
삼국지	5.0
진격의 거인	5.0
월리를 찾아라! 	5.0
만들어진 신	5.0
셜록 홈즈 전집 1	3.0
이클립스	2.0
삼국지	5.0
후레자식	3.0
더 리더 - 책 읽어주는 남자	2.0
원펀맨 One Punch Man	3.0
이기적 유전자	2.0
드래곤 볼	3.0
뇌	2.0
어린 왕자	5.0
강철의 연금술사	5.0
코스모스	5.0
선천적 얼간이들	5.0
치즈 인 더 트랩	0.5
오체 불만족	0.5
화성에서 온 남자 금성에서 온 여자	5.0
여중생A	3.0
정의란 무엇인가	5.0
호밀밭의 파수꾼	4.0
해리 포터와 죽음의 성물	0.5
파피용	2.0
해리 포터와 불사조 기사단	1.0
데미안	3.0
해리 포터와 불의 잔	2.0
해리 포터와 아즈카반의 죄수	3.0
해리 포터와 혼혈왕자	1.0
나의 라임 오렌지나무	2.0
나무	4.0
연금술사	4.0
해리 포터와 비밀의 방	4.0
해리 포터와 마법사의 돌	5.0
콜드리딩	5.0
설득의 심리학 2	4.5
1만 시간의 법칙	4.0
회사가 당신에게 알려주지 않는 50가지 비밀	4.0
설득의 심리학	5.0
설득의 심리학	5.0
마시멜로 두 번째 이야기	2.0
시크릿	3.0
마시멜로 이야기	5.0
미생	5.0
마이클 샌델의 하버드 명강의	5.0
대량살상수학무기	5.0
후불제 민주주의	2.0
88만원 세대	1.0
닥치고 정치	5.0
달러	5.0
렉서스와 올리브나무	3.0
자본주의 사용설명서	5.0
블록체인 혁명	4.0
슈퍼 괴짜경제학	5.0
4개의 통장	2.0
괴짜경제학	4.0
부의 미래	3.5
부의 추월차선	5.0
EBS 다큐프라임 자본주의	5.0
넛지	5.0
파인만의 물리학 강의 Volume 2	5.0
파인만의 물리학 강의 Volume 1, 양장본	5.0
일반물리학	1.0
이중나선	2.0
E=mc2	4.5
엘러건트 유니버스	5.0
엔트로피	4.0
상대적이며 절대적인 지식의 백과사전	4.0
부동산 투자 100문 100답	5.0
실전 차트 매매 기법	2.0
부자 아빠 가난한 아빠 	5.0
The God Delusion	5.0
마이크로트렌드	5.0
동물농장	5.0
1984	5.0
프레임	5.0
후니의 쉽게 쓴 시스코 네트워킹	5.0
모두의 파이썬	1.0
CODE 코드 (반양장)	5.0
Do it! 점프 투 파이썬	3.0
밑바닥부터 시작하는 딥러닝	4.0
Java의 정석	2.0
윤성우의 열혈 C 프로그래밍	4.0