정의란 무엇인가	3.0
조선왕조실톡	3.0
식객	2.5
안나라수마나라	3.5
여중생A	2.5
자살토끼	2.5
동백꽃 / 봄봄	3.0
짬	2.5
하악하악	2.5
마스터 키튼	1.0
연금술사	3.5
닥터 노구찌	3.0
세계대전 Z	2.0
운수 좋은 날	2.5
나루토 Naruto	2.5
DP 개의 날	2.0
달빛 조각사	2.0
엄마, 일단 가고봅시다!	4.0
먼나라 이웃나라	3.0
유희왕	3.0
다 빈치 코드	3.0
위대한 게임 위대한 기획자	3.5
게임 기획자되기	2.5
게임회사 이야기	4.0
도박묵시록 카이지	3.0
데미안	3.0
벤자민 버튼의 시간은 거꾸로 간다	2.5
광수생각	3.0
끝없는 이야기 1	3.5
날개 : 이상 소설전집	3.5
강철의 연금술사	3.5
북유럽 신화	3.5
브이 포 벤데타	4.5
신과 함께 : 저승편	4.0
파피용	2.5
해리 포터와 마법사의 돌	3.0
신과 함께 : 신화편	3.5
스티브 잡스	2.5
완득이	3.0
죽음에 관하여	4.0
샤먼킹	1.5
너의 이름은.	4.0
마지막 잎새	2.5
원펀맨 One Punch Man	4.0
실질객관동화	3.5
이말년 씨리즈	3.5
고우영 三國志	4.0
삼봉이발소	4.0
서울 시 2	3.5
돌격! 남자훈련소	2.5
무한동력 1	4.5
설민석의 무도 한국사 특강	4.0
박시백의 조선왕조실록 1	4.0
아프니까 청춘이다	0.5
구운몽	3.0
창문 넘어 도망친 100세 노인	3.0
다크 메이지	2.5
눈먼 자들의 도시	3.5
서울 시	3.0
습지생태보고서	3.5
스타크래프트 진화	4.0
하얀 늑대들	3.5
영어 천재가 된 홍 대리	3.0
양영순의 천일야화	4.0
맨발의 겐	5.0
반지의 제왕	5.0
일지매	4.0
나는 둔감하게 살기로 했다	0.5
대학일기	3.5
시크릿	2.5
덴마 Denma	4.5
화폐전쟁	0.5
마시멜로 세 번째 이야기	3.5
창가의 토토	2.5
해리 포터와 저주받은 아이 (스페셜 리허설 에디션 대본)	3.5
타짜 1부	4.0
걸리버 여행기	3.5
연탄길	3.5
로스트 심벌	4.5
십시일反	4.0
슬램덩크	4.0
어린 왕자	4.0
마시멜로 이야기	3.5
나니아 연대기	4.5
1984	4.0
마시멜로 두 번째 이야기	3.5
오세암	2.5
개미	3.5
나무	4.0
오발탄	2.5
바리데기	2.0
해리 포터와 불사조 기사단	4.0
코믹 메이플 스토리 오프라인 RPG	0.5
엄마, 결국은 해피엔딩이야!	4.5
종이 여자	4.0
천사와 악마	4.5
신	4.0
모모	4.5
만화로 보는 그리스 로마 신화	4.0
해리 포터와 죽음의 성물	4.5
